# ZAP baseline rules: FAIL breaks CI, WARN is reported only. IDs: https://www.zaproxy.org/docs/alerts/
10038	FAIL	(Content Security Policy Header Not Set)
10020	FAIL	(Missing Anti-clickjacking Header)
10021	FAIL	(X-Content-Type-Options Header Missing)
10010	FAIL	(Cookie No HttpOnly Flag)
10011	FAIL	(Cookie Without Secure Flag)
10054	FAIL	(Cookie without SameSite Attribute)
10017	FAIL	(Cross-Domain JavaScript Source File Inclusion)
10036	FAIL	(Server Leaks Version Information via Server HTTP Response Header Field)
10037	FAIL	(Server Leaks Information via X-Powered-By)
10055	WARN	(CSP: style-src-attr unsafe-inline is deliberate, for chart sizing)
10035	IGNORE	(Strict-Transport-Security: set by CloudFront in production; the scan runs over plain http)
